,link,distance,price
0,https://www.vrbo.com/3023923?chkin=2023-12-14&chkout=2023-12-15&d1=2023-12-14&d2=2023-12-15&startDate=2023-12-14&endDate=2023-12-15&x_pwa=1&rfrr=HSR&pwa_ts=1700759211288&referrerUrl=aHR0cHM6Ly93d3cudnJiby5jb20vSG90ZWwtU2VhcmNo&useRewards=true&adults=2&regionId=183660&destination=Delhi%2C+New+York%2C+United+States+of+America&destType=MARKET&latLong=42.278141%2C-74.915993&privacyTrackingState=CAN_TRACK&searchId=22050452-4c81-499e-bb8c-307d9b7931a9&sort=RECOMMENDED&top_dp=197&top_cur=USD&userIntent=&selectedRoomType=87551751&selectedRatePlan=00044594de49f4104ca096ea95835372c794&expediaPropertyId=87551751,0.1,$197
9,https://www.vrbo.com/2570108?chkin=2023-12-14&chkout=2023-12-15&d1=2023-12-14&d2=2023-12-15&startDate=2023-12-14&endDate=2023-12-15&x_pwa=1&rfrr=HSR&pwa_ts=1700759211293&referrerUrl=aHR0cHM6Ly93d3cudnJiby5jb20vSG90ZWwtU2VhcmNo&useRewards=true&adults=2&regionId=183660&destination=Delhi%2C+New+York%2C+United+States+of+America&destType=MARKET&latLong=42.278141%2C-74.915993&privacyTrackingState=CAN_TRACK&searchId=22050452-4c81-499e-bb8c-307d9b7931a9&sort=RECOMMENDED&top_dp=133&top_cur=USD&userIntent=&selectedRoomType=73441925&selectedRatePlan=0004a7c87a82fd564426aa04983d614ca833&expediaPropertyId=73441925,4.5,$133
45,https://www.vrbo.com/3516968?chkin=2023-12-14&chkout=2023-12-15&d1=2023-12-14&d2=2023-12-15&startDate=2023-12-14&endDate=2023-12-15&x_pwa=1&rfrr=HSR&pwa_ts=1700759211315&referrerUrl=aHR0cHM6Ly93d3cudnJiby5jb20vSG90ZWwtU2VhcmNo&useRewards=true&adults=2&regionId=183660&destination=Delhi%2C+New+York%2C+United+States+of+America&destType=MARKET&latLong=42.278141%2C-74.915993&privacyTrackingState=CAN_TRACK&searchId=22050452-4c81-499e-bb8c-307d9b7931a9&sort=RECOMMENDED&top_dp=182&top_cur=USD&userIntent=&selectedRoomType=96178458&selectedRatePlan=0004972c4ca115b34a7497d7b99d538255ae&expediaPropertyId=96178458,5.36,$182
47,https://www.vrbo.com/2781577?chkin=2023-12-14&chkout=2023-12-15&d1=2023-12-14&d2=2023-12-15&startDate=2023-12-14&endDate=2023-12-15&x_pwa=1&rfrr=HSR&pwa_ts=1700759211318&referrerUrl=aHR0cHM6Ly93d3cudnJiby5jb20vSG90ZWwtU2VhcmNo&useRewards=true&adults=2&regionId=183660&destination=Delhi%2C+New+York%2C+United+States+of+America&destType=MARKET&latLong=42.278141%2C-74.915993&privacyTrackingState=CAN_TRACK&searchId=22050452-4c81-499e-bb8c-307d9b7931a9&sort=RECOMMENDED&top_dp=133&top_cur=USD&userIntent=&selectedRoomType=78005616&selectedRatePlan=000450f7d067c2c243b5973f44856b696f03&expediaPropertyId=78005616,5.36,$133
25,https://www.vrbo.com/2781574?chkin=2023-12-14&chkout=2023-12-15&d1=2023-12-14&d2=2023-12-15&startDate=2023-12-14&endDate=2023-12-15&x_pwa=1&rfrr=HSR&pwa_ts=1700759211304&referrerUrl=aHR0cHM6Ly93d3cudnJiby5jb20vSG90ZWwtU2VhcmNo&useRewards=true&adults=2&regionId=183660&destination=Delhi%2C+New+York%2C+United+States+of+America&destType=MARKET&latLong=42.278141%2C-74.915993&privacyTrackingState=CAN_TRACK&searchId=22050452-4c81-499e-bb8c-307d9b7931a9&sort=RECOMMENDED&top_dp=120&top_cur=USD&userIntent=&selectedRoomType=78005609&selectedRatePlan=0004a3ad392b3eb34866a11420801eec0c41&expediaPropertyId=78005609,5.36,$120
48,https://www.vrbo.com/2781576?chkin=2023-12-14&chkout=2023-12-15&d1=2023-12-14&d2=2023-12-15&startDate=2023-12-14&endDate=2023-12-15&x_pwa=1&rfrr=HSR&pwa_ts=1700759211318&referrerUrl=aHR0cHM6Ly93d3cudnJiby5jb20vSG90ZWwtU2VhcmNo&useRewards=true&adults=2&regionId=183660&destination=Delhi%2C+New+York%2C+United+States+of+America&destType=MARKET&latLong=42.278141%2C-74.915993&privacyTrackingState=CAN_TRACK&searchId=22050452-4c81-499e-bb8c-307d9b7931a9&sort=RECOMMENDED&top_dp=133&top_cur=USD&userIntent=&selectedRoomType=78005613&selectedRatePlan=00048057b7818d4544aab1c0bd58c935b9ca&expediaPropertyId=78005613,5.36,$133
13,https://www.vrbo.com/2509610?chkin=2023-12-14&chkout=2023-12-15&d1=2023-12-14&d2=2023-12-15&startDate=2023-12-14&endDate=2023-12-15&x_pwa=1&rfrr=HSR&pwa_ts=1700759211296&referrerUrl=aHR0cHM6Ly93d3cudnJiby5jb20vSG90ZWwtU2VhcmNo&useRewards=true&adults=2&regionId=183660&destination=Delhi%2C+New+York%2C+United+States+of+America&destType=MARKET&latLong=42.278141%2C-74.915993&privacyTrackingState=CAN_TRACK&searchId=22050452-4c81-499e-bb8c-307d9b7931a9&sort=RECOMMENDED&top_dp=173&top_cur=USD&userIntent=&selectedRoomType=71964572&selectedRatePlan=000407399b2766d14c0791eb122504dfbb99&expediaPropertyId=71964572,6.36,$173
11,https://www.vrbo.com/3299383?chkin=2023-12-14&chkout=2023-12-15&d1=2023-12-14&d2=2023-12-15&startDate=2023-12-14&endDate=2023-12-15&x_pwa=1&rfrr=HSR&pwa_ts=1700759211293&referrerUrl=aHR0cHM6Ly93d3cudnJiby5jb20vSG90ZWwtU2VhcmNo&useRewards=true&adults=2&regionId=183660&destination=Delhi%2C+New+York%2C+United+States+of+America&destType=MARKET&latLong=42.278141%2C-74.915993&privacyTrackingState=CAN_TRACK&searchId=22050452-4c81-499e-bb8c-307d9b7931a9&sort=RECOMMENDED&top_dp=90&top_cur=USD&userIntent=&selectedRoomType=91951540&selectedRatePlan=0004585ccca40cb847048b65d9e967b5a845&expediaPropertyId=91951540,6.71,$90
30,https://www.vrbo.com/3618843?chkin=2023-12-14&chkout=2023-12-15&d1=2023-12-14&d2=2023-12-15&startDate=2023-12-14&endDate=2023-12-15&x_pwa=1&rfrr=HSR&pwa_ts=1700759211306&referrerUrl=aHR0cHM6Ly93d3cudnJiby5jb20vSG90ZWwtU2VhcmNo&useRewards=true&adults=2&regionId=183660&destination=Delhi%2C+New+York%2C+United+States+of+America&destType=MARKET&latLong=42.278141%2C-74.915993&privacyTrackingState=CAN_TRACK&searchId=22050452-4c81-499e-bb8c-307d9b7931a9&sort=RECOMMENDED&top_dp=148&top_cur=USD&userIntent=&selectedRoomType=98944602&selectedRatePlan=0004dba85c40fcd64f818a23819a72fb2e1d&expediaPropertyId=98944602,7.96,$148
5,https://www.vrbo.com/2268742?chkin=2023-12-14&chkout=2023-12-15&d1=2023-12-14&d2=2023-12-15&startDate=2023-12-14&endDate=2023-12-15&x_pwa=1&rfrr=HSR&pwa_ts=1700759211288&referrerUrl=aHR0cHM6Ly93d3cudnJiby5jb20vSG90ZWwtU2VhcmNo&useRewards=true&adults=2&regionId=183660&destination=Delhi%2C+New+York%2C+United+States+of+America&destType=MARKET&latLong=42.278141%2C-74.915993&privacyTrackingState=CAN_TRACK&searchId=22050452-4c81-499e-bb8c-307d9b7931a9&sort=RECOMMENDED&top_dp=125&top_cur=USD&userIntent=&selectedRoomType=66499376&selectedRatePlan=000493f0ba14990c48018d9b59a27a518076&expediaPropertyId=66499376,9.23,$125
20,https://www.vrbo.com/2268709?chkin=2023-12-14&chkout=2023-12-15&d1=2023-12-14&d2=2023-12-15&startDate=2023-12-14&endDate=2023-12-15&x_pwa=1&rfrr=HSR&pwa_ts=1700759211299&referrerUrl=aHR0cHM6Ly93d3cudnJiby5jb20vSG90ZWwtU2VhcmNo&useRewards=true&adults=2&regionId=183660&destination=Delhi%2C+New+York%2C+United+States+of+America&destType=MARKET&latLong=42.278141%2C-74.915993&privacyTrackingState=CAN_TRACK&searchId=22050452-4c81-499e-bb8c-307d9b7931a9&sort=RECOMMENDED&top_dp=129&top_cur=USD&userIntent=&selectedRoomType=66499086&selectedRatePlan=0004e4654934df65429d865a7b2e91b04092&expediaPropertyId=66499086,9.23,$129
36,https://www.vrbo.com/2268509?chkin=2023-12-14&chkout=2023-12-15&d1=2023-12-14&d2=2023-12-15&startDate=2023-12-14&endDate=2023-12-15&x_pwa=1&rfrr=HSR&pwa_ts=1700759211310&referrerUrl=aHR0cHM6Ly93d3cudnJiby5jb20vSG90ZWwtU2VhcmNo&useRewards=true&adults=2&regionId=183660&destination=Delhi%2C+New+York%2C+United+States+of+America&destType=MARKET&latLong=42.278141%2C-74.915993&privacyTrackingState=CAN_TRACK&searchId=22050452-4c81-499e-bb8c-307d9b7931a9&sort=RECOMMENDED&top_dp=595&top_cur=USD&userIntent=&selectedRoomType=66495294&selectedRatePlan=000468fd5b1c3fd645ffa062897898aa5653&expediaPropertyId=66495294,9.24,$595
4,https://www.vrbo.com/2267666?chkin=2023-12-14&chkout=2023-12-15&d1=2023-12-14&d2=2023-12-15&startDate=2023-12-14&endDate=2023-12-15&x_pwa=1&rfrr=HSR&pwa_ts=1700759211288&referrerUrl=aHR0cHM6Ly93d3cudnJiby5jb20vSG90ZWwtU2VhcmNo&useRewards=true&adults=2&regionId=183660&destination=Delhi%2C+New+York%2C+United+States+of+America&destType=MARKET&latLong=42.278141%2C-74.915993&privacyTrackingState=CAN_TRACK&searchId=22050452-4c81-499e-bb8c-307d9b7931a9&sort=RECOMMENDED&top_dp=175&top_cur=USD&userIntent=&selectedRoomType=66487646&selectedRatePlan=0004d95318ab8a5b461b8ac7e9fb40c071fb&expediaPropertyId=66487646,9.24,$175
32,https://www.vrbo.com/9599497ha?chkin=2023-12-14&chkout=2023-12-15&d1=2023-12-14&d2=2023-12-15&startDate=2023-12-14&endDate=2023-12-15&x_pwa=1&rfrr=HSR&pwa_ts=1700759211307&referrerUrl=aHR0cHM6Ly93d3cudnJiby5jb20vSG90ZWwtU2VhcmNo&useRewards=true&adults=2&regionId=183660&destination=Delhi%2C+New+York%2C+United+States+of+America&destType=MARKET&latLong=42.278141%2C-74.915993&privacyTrackingState=CAN_TRACK&searchId=22050452-4c81-499e-bb8c-307d9b7931a9&sort=RECOMMENDED&top_dp=110&top_cur=USD&userIntent=&selectedRoomType=70326179&selectedRatePlan=0000df617e902c154d639e83742c07eb3b96&expediaPropertyId=70326179,9.77,$110
41,https://www.vrbo.com/9704923ha?chkin=2023-12-14&chkout=2023-12-15&d1=2023-12-14&d2=2023-12-15&startDate=2023-12-14&endDate=2023-12-15&x_pwa=1&rfrr=HSR&pwa_ts=1700759211314&referrerUrl=aHR0cHM6Ly93d3cudnJiby5jb20vSG90ZWwtU2VhcmNo&useRewards=true&adults=2&regionId=183660&destination=Delhi%2C+New+York%2C+United+States+of+America&destType=MARKET&latLong=42.278141%2C-74.915993&privacyTrackingState=CAN_TRACK&searchId=22050452-4c81-499e-bb8c-307d9b7931a9&sort=RECOMMENDED&top_dp=110&top_cur=USD&userIntent=&selectedRoomType=82932293&selectedRatePlan=00009c731d9bd40e42a9a83d7e62b9fcf8df&expediaPropertyId=82932293,10.08,$110
16,https://www.vrbo.com/2930059?chkin=2023-12-14&chkout=2023-12-15&d1=2023-12-14&d2=2023-12-15&startDate=2023-12-14&endDate=2023-12-15&x_pwa=1&rfrr=HSR&pwa_ts=1700759211297&referrerUrl=aHR0cHM6Ly93d3cudnJiby5jb20vSG90ZWwtU2VhcmNo&useRewards=true&adults=2&regionId=183660&destination=Delhi%2C+New+York%2C+United+States+of+America&destType=MARKET&latLong=42.278141%2C-74.915993&privacyTrackingState=CAN_TRACK&searchId=22050452-4c81-499e-bb8c-307d9b7931a9&sort=RECOMMENDED&top_dp=98&top_cur=USD&userIntent=&selectedRoomType=83408543&selectedRatePlan=00041a24ac92d4644e71a08568e4fd299417&expediaPropertyId=83408543,10.62,$98
21,https://www.vrbo.com/2621945?chkin=2023-12-14&chkout=2023-12-15&d1=2023-12-14&d2=2023-12-15&startDate=2023-12-14&endDate=2023-12-15&x_pwa=1&rfrr=HSR&pwa_ts=1700759211300&referrerUrl=aHR0cHM6Ly93d3cudnJiby5jb20vSG90ZWwtU2VhcmNo&useRewards=true&adults=2&regionId=183660&destination=Delhi%2C+New+York%2C+United+States+of+America&destType=MARKET&latLong=42.278141%2C-74.915993&privacyTrackingState=CAN_TRACK&searchId=22050452-4c81-499e-bb8c-307d9b7931a9&sort=RECOMMENDED&top_dp=250&top_cur=USD&userIntent=&selectedRoomType=74605984&selectedRatePlan=0004675f68ce218e4defaaca06c251a9f398&expediaPropertyId=74605984,12.3,$250
38,https://www.vrbo.com/2940994?chkin=2023-12-14&chkout=2023-12-15&d1=2023-12-14&d2=2023-12-15&startDate=2023-12-14&endDate=2023-12-15&x_pwa=1&rfrr=HSR&pwa_ts=1700759211312&referrerUrl=aHR0cHM6Ly93d3cudnJiby5jb20vSG90ZWwtU2VhcmNo&useRewards=true&adults=2&regionId=183660&destination=Delhi%2C+New+York%2C+United+States+of+America&destType=MARKET&latLong=42.278141%2C-74.915993&privacyTrackingState=CAN_TRACK&searchId=22050452-4c81-499e-bb8c-307d9b7931a9&sort=RECOMMENDED&top_dp=410&top_cur=USD&userIntent=&selectedRoomType=83519381&selectedRatePlan=0004c7df704ec876419ca93bec7e6daa944e&expediaPropertyId=83519381,12.5,$410
10,https://www.vrbo.com/115400?chkin=2023-12-14&chkout=2023-12-15&d1=2023-12-14&d2=2023-12-15&startDate=2023-12-14&endDate=2023-12-15&x_pwa=1&rfrr=HSR&pwa_ts=1700759211293&referrerUrl=aHR0cHM6Ly93d3cudnJiby5jb20vSG90ZWwtU2VhcmNo&useRewards=true&adults=2&regionId=183660&destination=Delhi%2C+New+York%2C+United+States+of+America&destType=MARKET&latLong=42.278141%2C-74.915993&privacyTrackingState=CAN_TRACK&searchId=22050452-4c81-499e-bb8c-307d9b7931a9&sort=RECOMMENDED&top_dp=175&top_cur=USD&userIntent=&selectedRoomType=33502518&selectedRatePlan=000462f16e675db84d4fa51618e5420ccf5c&expediaPropertyId=33502518,13.07,$175
6,https://www.vrbo.com/3396090?chkin=2023-12-14&chkout=2023-12-15&d1=2023-12-14&d2=2023-12-15&startDate=2023-12-14&endDate=2023-12-15&x_pwa=1&rfrr=HSR&pwa_ts=1700759211288&referrerUrl=aHR0cHM6Ly93d3cudnJiby5jb20vSG90ZWwtU2VhcmNo&useRewards=true&adults=2&regionId=183660&destination=Delhi%2C+New+York%2C+United+States+of+America&destType=MARKET&latLong=42.278141%2C-74.915993&privacyTrackingState=CAN_TRACK&searchId=22050452-4c81-499e-bb8c-307d9b7931a9&sort=RECOMMENDED&top_dp=160&top_cur=USD&userIntent=&selectedRoomType=93514991&selectedRatePlan=0004321b3ab51b0e428c90555a20c819f3be&expediaPropertyId=93514991,13.13,$160
18,https://www.vrbo.com/918864?chkin=2023-12-14&chkout=2023-12-15&d1=2023-12-14&d2=2023-12-15&startDate=2023-12-14&endDate=2023-12-15&x_pwa=1&rfrr=HSR&pwa_ts=1700759211298&referrerUrl=aHR0cHM6Ly93d3cudnJiby5jb20vSG90ZWwtU2VhcmNo&useRewards=true&adults=2&regionId=183660&destination=Delhi%2C+New+York%2C+United+States+of+America&destType=MARKET&latLong=42.278141%2C-74.915993&privacyTrackingState=CAN_TRACK&searchId=22050452-4c81-499e-bb8c-307d9b7931a9&sort=RECOMMENDED&top_dp=110&top_cur=USD&userIntent=&selectedRoomType=34977903&selectedRatePlan=0004f7c296202a104bd1915e86f4d8e72c89&expediaPropertyId=34977903,13.53,$110
40,https://www.vrbo.com/1118992?chkin=2023-12-14&chkout=2023-12-15&d1=2023-12-14&d2=2023-12-15&startDate=2023-12-14&endDate=2023-12-15&x_pwa=1&rfrr=HSR&pwa_ts=1700759211314&referrerUrl=aHR0cHM6Ly93d3cudnJiby5jb20vSG90ZWwtU2VhcmNo&useRewards=true&adults=2&regionId=183660&destination=Delhi%2C+New+York%2C+United+States+of+America&destType=MARKET&latLong=42.278141%2C-74.915993&privacyTrackingState=CAN_TRACK&searchId=22050452-4c81-499e-bb8c-307d9b7931a9&sort=RECOMMENDED&top_dp=110&top_cur=USD&userIntent=&selectedRoomType=34338485&selectedRatePlan=0004ec60c54f35824b1ab2bc3e57efb3ea3c&expediaPropertyId=34338485,13.53,$110
26,https://www.vrbo.com/798979?chkin=2023-12-14&chkout=2023-12-15&d1=2023-12-14&d2=2023-12-15&startDate=2023-12-14&endDate=2023-12-15&x_pwa=1&rfrr=HSR&pwa_ts=1700759211305&referrerUrl=aHR0cHM6Ly93d3cudnJiby5jb20vSG90ZWwtU2VhcmNo&useRewards=true&adults=2&regionId=183660&destination=Delhi%2C+New+York%2C+United+States+of+America&destType=MARKET&latLong=42.278141%2C-74.915993&privacyTrackingState=CAN_TRACK&searchId=22050452-4c81-499e-bb8c-307d9b7931a9&sort=RECOMMENDED&top_dp=199&top_cur=USD&userIntent=&selectedRoomType=33947048&selectedRatePlan=000402d8739dae034b0bac5a597151db52b5&expediaPropertyId=33947048,13.53,$199
8,https://www.vrbo.com/3353513?chkin=2023-12-14&chkout=2023-12-15&d1=2023-12-14&d2=2023-12-15&startDate=2023-12-14&endDate=2023-12-15&x_pwa=1&rfrr=HSR&pwa_ts=1700759211292&referrerUrl=aHR0cHM6Ly93d3cudnJiby5jb20vSG90ZWwtU2VhcmNo&useRewards=true&adults=2&regionId=183660&destination=Delhi%2C+New+York%2C+United+States+of+America&destType=MARKET&latLong=42.278141%2C-74.915993&privacyTrackingState=CAN_TRACK&searchId=22050452-4c81-499e-bb8c-307d9b7931a9&sort=RECOMMENDED&top_dp=165&top_cur=USD&userIntent=&selectedRoomType=92882482&selectedRatePlan=0004d63026f1e78c4de58cda5714650b5064&expediaPropertyId=92882482,14.46,$165
2,https://www.vrbo.com/977871?chkin=2023-12-14&chkout=2023-12-15&d1=2023-12-14&d2=2023-12-15&startDate=2023-12-14&endDate=2023-12-15&x_pwa=1&rfrr=HSR&pwa_ts=1700759211288&referrerUrl=aHR0cHM6Ly93d3cudnJiby5jb20vSG90ZWwtU2VhcmNo&useRewards=true&adults=2&regionId=183660&destination=Delhi%2C+New+York%2C+United+States+of+America&destType=MARKET&latLong=42.278141%2C-74.915993&privacyTrackingState=CAN_TRACK&searchId=22050452-4c81-499e-bb8c-307d9b7931a9&sort=RECOMMENDED&top_dp=143&top_cur=USD&userIntent=&selectedRoomType=30326319&selectedRatePlan=000441aa83e3c2274a73859ea4b6d6c89851&expediaPropertyId=30326319,15.14,$143
17,https://www.vrbo.com/9174931ha?chkin=2023-12-14&chkout=2023-12-15&d1=2023-12-14&d2=2023-12-15&startDate=2023-12-14&endDate=2023-12-15&x_pwa=1&rfrr=HSR&pwa_ts=1700759211297&referrerUrl=aHR0cHM6Ly93d3cudnJiby5jb20vSG90ZWwtU2VhcmNo&useRewards=true&adults=2&regionId=183660&destination=Delhi%2C+New+York%2C+United+States+of+America&destType=MARKET&latLong=42.278141%2C-74.915993&privacyTrackingState=CAN_TRACK&searchId=22050452-4c81-499e-bb8c-307d9b7931a9&sort=RECOMMENDED&top_dp=125&top_cur=USD&userIntent=&selectedRoomType=76626645&selectedRatePlan=000090ee721f5ce74496b4378d8ac120f95e&expediaPropertyId=76626645,16.37,$125
19,https://www.vrbo.com/3254818?chkin=2023-12-14&chkout=2023-12-15&d1=2023-12-14&d2=2023-12-15&startDate=2023-12-14&endDate=2023-12-15&x_pwa=1&rfrr=HSR&pwa_ts=1700759211298&referrerUrl=aHR0cHM6Ly93d3cudnJiby5jb20vSG90ZWwtU2VhcmNo&useRewards=true&adults=2&regionId=183660&destination=Delhi%2C+New+York%2C+United+States+of+America&destType=MARKET&latLong=42.278141%2C-74.915993&privacyTrackingState=CAN_TRACK&searchId=22050452-4c81-499e-bb8c-307d9b7931a9&sort=RECOMMENDED&top_dp=125&top_cur=USD&userIntent=&selectedRoomType=91312516&selectedRatePlan=0004f9b87f16a38f4c19bceedbd732018fb0&expediaPropertyId=91312516,16.37,$125
12,https://www.vrbo.com/2725711?chkin=2023-12-14&chkout=2023-12-15&d1=2023-12-14&d2=2023-12-15&startDate=2023-12-14&endDate=2023-12-15&x_pwa=1&rfrr=HSR&pwa_ts=1700759211293&referrerUrl=aHR0cHM6Ly93d3cudnJiby5jb20vSG90ZWwtU2VhcmNo&useRewards=true&adults=2&regionId=183660&destination=Delhi%2C+New+York%2C+United+States+of+America&destType=MARKET&latLong=42.278141%2C-74.915993&privacyTrackingState=CAN_TRACK&searchId=22050452-4c81-499e-bb8c-307d9b7931a9&sort=RECOMMENDED&top_dp=125&top_cur=USD&userIntent=&selectedRoomType=76627019&selectedRatePlan=0004e9dcf89cef06488abff026d82e35ba93&expediaPropertyId=76627019,16.37,$125
33,https://www.vrbo.com/2673148?chkin=2023-12-14&chkout=2023-12-15&d1=2023-12-14&d2=2023-12-15&startDate=2023-12-14&endDate=2023-12-15&x_pwa=1&rfrr=HSR&pwa_ts=1700759211308&referrerUrl=aHR0cHM6Ly93d3cudnJiby5jb20vSG90ZWwtU2VhcmNo&useRewards=true&adults=2&regionId=183660&destination=Delhi%2C+New+York%2C+United+States+of+America&destType=MARKET&latLong=42.278141%2C-74.915993&privacyTrackingState=CAN_TRACK&searchId=22050452-4c81-499e-bb8c-307d9b7931a9&sort=RECOMMENDED&top_dp=250&top_cur=USD&userIntent=&selectedRoomType=75790021&selectedRatePlan=0004d4aaa844aaa046a3b935a42da170fc8a&expediaPropertyId=75790021,16.42,$250
28,https://www.vrbo.com/2597896?chkin=2023-12-14&chkout=2023-12-15&d1=2023-12-14&d2=2023-12-15&startDate=2023-12-14&endDate=2023-12-15&x_pwa=1&rfrr=HSR&pwa_ts=1700759211306&referrerUrl=aHR0cHM6Ly93d3cudnJiby5jb20vSG90ZWwtU2VhcmNo&useRewards=true&adults=2&regionId=183660&destination=Delhi%2C+New+York%2C+United+States+of+America&destType=MARKET&latLong=42.278141%2C-74.915993&privacyTrackingState=CAN_TRACK&searchId=22050452-4c81-499e-bb8c-307d9b7931a9&sort=RECOMMENDED&top_dp=420&top_cur=USD&userIntent=&selectedRoomType=74128380&selectedRatePlan=00042079f7adf32042a4a165eb172e0e90a9&expediaPropertyId=74128380,16.5,$420
7,https://www.vrbo.com/3096066?chkin=2023-12-14&chkout=2023-12-15&d1=2023-12-14&d2=2023-12-15&startDate=2023-12-14&endDate=2023-12-15&x_pwa=1&rfrr=HSR&pwa_ts=1700759211292&referrerUrl=aHR0cHM6Ly93d3cudnJiby5jb20vSG90ZWwtU2VhcmNo&useRewards=true&adults=2&regionId=183660&destination=Delhi%2C+New+York%2C+United+States+of+America&destType=MARKET&latLong=42.278141%2C-74.915993&privacyTrackingState=CAN_TRACK&searchId=22050452-4c81-499e-bb8c-307d9b7931a9&sort=RECOMMENDED&top_dp=175&top_cur=USD&userIntent=&selectedRoomType=88867963&selectedRatePlan=0004b6d53c2e2d7740fba06f40b28cb46b72&expediaPropertyId=88867963,17.29,$175
15,https://www.vrbo.com/2585388?chkin=2023-12-14&chkout=2023-12-15&d1=2023-12-14&d2=2023-12-15&startDate=2023-12-14&endDate=2023-12-15&x_pwa=1&rfrr=HSR&pwa_ts=1700759211296&referrerUrl=aHR0cHM6Ly93d3cudnJiby5jb20vSG90ZWwtU2VhcmNo&useRewards=true&adults=2&regionId=183660&destination=Delhi%2C+New+York%2C+United+States+of+America&destType=MARKET&latLong=42.278141%2C-74.915993&privacyTrackingState=CAN_TRACK&searchId=22050452-4c81-499e-bb8c-307d9b7931a9&sort=RECOMMENDED&top_dp=125&top_cur=USD&userIntent=&selectedRoomType=73757285&selectedRatePlan=00045e37fc00fb764e478a01b3ce7cc063be&expediaPropertyId=73757285,17.82,$125
27,https://www.vrbo.com/2949139?chkin=2023-12-14&chkout=2023-12-15&d1=2023-12-14&d2=2023-12-15&startDate=2023-12-14&endDate=2023-12-15&x_pwa=1&rfrr=HSR&pwa_ts=1700759211304&referrerUrl=aHR0cHM6Ly93d3cudnJiby5jb20vSG90ZWwtU2VhcmNo&useRewards=true&adults=2&regionId=183660&destination=Delhi%2C+New+York%2C+United+States+of+America&destType=MARKET&latLong=42.278141%2C-74.915993&privacyTrackingState=CAN_TRACK&searchId=22050452-4c81-499e-bb8c-307d9b7931a9&sort=RECOMMENDED&top_dp=318&top_cur=USD&userIntent=&selectedRoomType=83605086&selectedRatePlan=00044d6cdf75af2e49ba8a1b84cd70e7d1fb&expediaPropertyId=83605086,19.37,$318
39,https://www.vrbo.com/2376203?chkin=2023-12-14&chkout=2023-12-15&d1=2023-12-14&d2=2023-12-15&startDate=2023-12-14&endDate=2023-12-15&x_pwa=1&rfrr=HSR&pwa_ts=1700759211313&referrerUrl=aHR0cHM6Ly93d3cudnJiby5jb20vSG90ZWwtU2VhcmNo&useRewards=true&adults=2&regionId=183660&destination=Delhi%2C+New+York%2C+United+States+of+America&destType=MARKET&latLong=42.278141%2C-74.915993&privacyTrackingState=CAN_TRACK&searchId=22050452-4c81-499e-bb8c-307d9b7931a9&sort=RECOMMENDED&top_dp=360&top_cur=USD&userIntent=&selectedRoomType=69539686&selectedRatePlan=0004c472377c5c4843ec8719b6d155f40219&expediaPropertyId=69539686,19.43,$360
1,https://www.vrbo.com/397703?chkin=2023-12-14&chkout=2023-12-15&d1=2023-12-14&d2=2023-12-15&startDate=2023-12-14&endDate=2023-12-15&x_pwa=1&rfrr=HSR&pwa_ts=1700759211288&referrerUrl=aHR0cHM6Ly93d3cudnJiby5jb20vSG90ZWwtU2VhcmNo&useRewards=true&adults=2&regionId=183660&destination=Delhi%2C+New+York%2C+United+States+of+America&destType=MARKET&latLong=42.278141%2C-74.915993&privacyTrackingState=CAN_TRACK&searchId=22050452-4c81-499e-bb8c-307d9b7931a9&sort=RECOMMENDED&top_dp=190&top_cur=USD&userIntent=&selectedRoomType=33490957&selectedRatePlan=00042bf197ab065b44c39cc257ec7dcb5504&expediaPropertyId=33490957,19.51,$190
3,https://www.vrbo.com/1831154?chkin=2023-12-14&chkout=2023-12-15&d1=2023-12-14&d2=2023-12-15&startDate=2023-12-14&endDate=2023-12-15&x_pwa=1&rfrr=HSR&pwa_ts=1700759211288&referrerUrl=aHR0cHM6Ly93d3cudnJiby5jb20vSG90ZWwtU2VhcmNo&useRewards=true&adults=2&regionId=183660&destination=Delhi%2C+New+York%2C+United+States+of+America&destType=MARKET&latLong=42.278141%2C-74.915993&privacyTrackingState=CAN_TRACK&searchId=22050452-4c81-499e-bb8c-307d9b7931a9&sort=RECOMMENDED&top_dp=200&top_cur=USD&userIntent=&selectedRoomType=44424552&selectedRatePlan=00042b4e0da9a83a419888dada84e34cd218&expediaPropertyId=44424552,19.54,$200
31,https://www.vrbo.com/3715885?chkin=2023-12-14&chkout=2023-12-15&d1=2023-12-14&d2=2023-12-15&startDate=2023-12-14&endDate=2023-12-15&x_pwa=1&rfrr=HSR&pwa_ts=1700759211306&referrerUrl=aHR0cHM6Ly93d3cudnJiby5jb20vSG90ZWwtU2VhcmNo&useRewards=true&adults=2&regionId=183660&destination=Delhi%2C+New+York%2C+United+States+of+America&destType=MARKET&latLong=42.278141%2C-74.915993&privacyTrackingState=CAN_TRACK&searchId=22050452-4c81-499e-bb8c-307d9b7931a9&sort=RECOMMENDED&top_dp=360&top_cur=USD&userIntent=&selectedRoomType=100449560&selectedRatePlan=0004cabe6107a8554e679858b97a742dbee5&expediaPropertyId=100449560,20.0,$360
22,https://www.vrbo.com/2914946?chkin=2023-12-14&chkout=2023-12-15&d1=2023-12-14&d2=2023-12-15&startDate=2023-12-14&endDate=2023-12-15&x_pwa=1&rfrr=HSR&pwa_ts=1700759211302&referrerUrl=aHR0cHM6Ly93d3cudnJiby5jb20vSG90ZWwtU2VhcmNo&useRewards=true&adults=2&regionId=183660&destination=Delhi%2C+New+York%2C+United+States+of+America&destType=MARKET&latLong=42.278141%2C-74.915993&privacyTrackingState=CAN_TRACK&searchId=22050452-4c81-499e-bb8c-307d9b7931a9&sort=RECOMMENDED&top_dp=295&top_cur=USD&userIntent=&selectedRoomType=83232489&selectedRatePlan=0004dccbe4807eab4c58b3931c7f200e0c85&expediaPropertyId=83232489,20.59,$295
44,https://www.vrbo.com/3650888?chkin=2023-12-14&chkout=2023-12-15&d1=2023-12-14&d2=2023-12-15&startDate=2023-12-14&endDate=2023-12-15&x_pwa=1&rfrr=HSR&pwa_ts=1700759211315&referrerUrl=aHR0cHM6Ly93d3cudnJiby5jb20vSG90ZWwtU2VhcmNo&useRewards=true&adults=2&regionId=183660&destination=Delhi%2C+New+York%2C+United+States+of+America&destType=MARKET&latLong=42.278141%2C-74.915993&privacyTrackingState=CAN_TRACK&searchId=22050452-4c81-499e-bb8c-307d9b7931a9&sort=RECOMMENDED&top_dp=109&top_cur=USD&userIntent=&selectedRoomType=99572999&selectedRatePlan=00041fd31df64c37441089c4be7063ce5af9&expediaPropertyId=99572999,21.35,$109
29,https://www.vrbo.com/2615440?chkin=2023-12-14&chkout=2023-12-15&d1=2023-12-14&d2=2023-12-15&startDate=2023-12-14&endDate=2023-12-15&x_pwa=1&rfrr=HSR&pwa_ts=1700759211305&referrerUrl=aHR0cHM6Ly93d3cudnJiby5jb20vSG90ZWwtU2VhcmNo&useRewards=true&adults=2&regionId=183660&destination=Delhi%2C+New+York%2C+United+States+of+America&destType=MARKET&latLong=42.278141%2C-74.915993&privacyTrackingState=CAN_TRACK&searchId=22050452-4c81-499e-bb8c-307d9b7931a9&sort=RECOMMENDED&top_dp=200&top_cur=USD&userIntent=&selectedRoomType=74453909&selectedRatePlan=00041ef24184b82a4049ac6ca7b87c7fd636&expediaPropertyId=74453909,22.6,$200
46,https://www.vrbo.com/2059701?chkin=2023-12-14&chkout=2023-12-15&d1=2023-12-14&d2=2023-12-15&startDate=2023-12-14&endDate=2023-12-15&x_pwa=1&rfrr=HSR&pwa_ts=1700759211317&referrerUrl=aHR0cHM6Ly93d3cudnJiby5jb20vSG90ZWwtU2VhcmNo&useRewards=true&adults=2&regionId=183660&destination=Delhi%2C+New+York%2C+United+States+of+America&destType=MARKET&latLong=42.278141%2C-74.915993&privacyTrackingState=CAN_TRACK&searchId=22050452-4c81-499e-bb8c-307d9b7931a9&sort=RECOMMENDED&top_dp=500&top_cur=USD&userIntent=&selectedRoomType=57816563&selectedRatePlan=0004c1cbecfb61da4ec7bd65f34a64230636&expediaPropertyId=57816563,24.74,$500
14,https://www.vrbo.com/2724973?chkin=2023-12-14&chkout=2023-12-15&d1=2023-12-14&d2=2023-12-15&startDate=2023-12-14&endDate=2023-12-15&x_pwa=1&rfrr=HSR&pwa_ts=1700759211296&referrerUrl=aHR0cHM6Ly93d3cudnJiby5jb20vSG90ZWwtU2VhcmNo&useRewards=true&adults=2&regionId=183660&destination=Delhi%2C+New+York%2C+United+States+of+America&destType=MARKET&latLong=42.278141%2C-74.915993&privacyTrackingState=CAN_TRACK&searchId=22050452-4c81-499e-bb8c-307d9b7931a9&sort=RECOMMENDED&top_dp=92&top_cur=USD&userIntent=&selectedRoomType=76621555&selectedRatePlan=0004da6f6dfaf92a4e9cbdeb9f6f853620c4&expediaPropertyId=76621555,25.76,$92
23,https://www.vrbo.com/3374360?chkin=2023-12-14&chkout=2023-12-15&d1=2023-12-14&d2=2023-12-15&startDate=2023-12-14&endDate=2023-12-15&x_pwa=1&rfrr=HSR&pwa_ts=1700759211301&referrerUrl=aHR0cHM6Ly93d3cudnJiby5jb20vSG90ZWwtU2VhcmNo&useRewards=true&adults=2&regionId=183660&destination=Delhi%2C+New+York%2C+United+States+of+America&destType=MARKET&latLong=42.278141%2C-74.915993&privacyTrackingState=CAN_TRACK&searchId=22050452-4c81-499e-bb8c-307d9b7931a9&sort=RECOMMENDED&top_dp=399&top_cur=USD&userIntent=&selectedRoomType=93173812&selectedRatePlan=0004f2407eb0129e46f3aaa036e6e634d06f&expediaPropertyId=93173812,26.54,$399
24,https://www.vrbo.com/4941140ha?chkin=2023-12-14&chkout=2023-12-15&d1=2023-12-14&d2=2023-12-15&startDate=2023-12-14&endDate=2023-12-15&x_pwa=1&rfrr=HSR&pwa_ts=1700759211302&referrerUrl=aHR0cHM6Ly93d3cudnJiby5jb20vSG90ZWwtU2VhcmNo&useRewards=true&adults=2&regionId=183660&destination=Delhi%2C+New+York%2C+United+States+of+America&destType=MARKET&latLong=42.278141%2C-74.915993&privacyTrackingState=CAN_TRACK&searchId=22050452-4c81-499e-bb8c-307d9b7931a9&sort=RECOMMENDED&top_dp=625&top_cur=USD&userIntent=&selectedRoomType=34003582&selectedRatePlan=000017617a10344b4d26a777338e51ea8a8c&expediaPropertyId=34003582,26.83,$625
37,https://www.vrbo.com/2596597?chkin=2023-12-14&chkout=2023-12-15&d1=2023-12-14&d2=2023-12-15&startDate=2023-12-14&endDate=2023-12-15&x_pwa=1&rfrr=HSR&pwa_ts=1700759211311&referrerUrl=aHR0cHM6Ly93d3cudnJiby5jb20vSG90ZWwtU2VhcmNo&useRewards=true&adults=2&regionId=183660&destination=Delhi%2C+New+York%2C+United+States+of+America&destType=MARKET&latLong=42.278141%2C-74.915993&privacyTrackingState=CAN_TRACK&searchId=22050452-4c81-499e-bb8c-307d9b7931a9&sort=RECOMMENDED&top_dp=850&top_cur=USD&userIntent=&selectedRoomType=74118982&selectedRatePlan=0004f9ed1382a35a4cc698b14fab955d282f&expediaPropertyId=74118982,27.15,$850
34,https://www.vrbo.com/3498943?chkin=2023-12-14&chkout=2023-12-15&d1=2023-12-14&d2=2023-12-15&startDate=2023-12-14&endDate=2023-12-15&x_pwa=1&rfrr=HSR&pwa_ts=1700759211309&referrerUrl=aHR0cHM6Ly93d3cudnJiby5jb20vSG90ZWwtU2VhcmNo&useRewards=true&adults=2&regionId=183660&destination=Delhi%2C+New+York%2C+United+States+of+America&destType=MARKET&latLong=42.278141%2C-74.915993&privacyTrackingState=CAN_TRACK&searchId=22050452-4c81-499e-bb8c-307d9b7931a9&sort=RECOMMENDED&top_dp=495&top_cur=USD&userIntent=&selectedRoomType=95951104&selectedRatePlan=0004910b57543e464bd4ac6122d6eb9dd8bd&expediaPropertyId=95951104,27.57,$495
35,https://www.vrbo.com/9468410ha?chkin=2023-12-14&chkout=2023-12-15&d1=2023-12-14&d2=2023-12-15&startDate=2023-12-14&endDate=2023-12-15&x_pwa=1&rfrr=HSR&pwa_ts=1700759211309&referrerUrl=aHR0cHM6Ly93d3cudnJiby5jb20vSG90ZWwtU2VhcmNo&useRewards=true&adults=2&regionId=183660&destination=Delhi%2C+New+York%2C+United+States+of+America&destType=MARKET&latLong=42.278141%2C-74.915993&privacyTrackingState=CAN_TRACK&searchId=22050452-4c81-499e-bb8c-307d9b7931a9&sort=RECOMMENDED&top_dp=275&top_cur=USD&userIntent=&selectedRoomType=54134131&selectedRatePlan=0000885c9796937d411da97477ef6bf5c2b8&expediaPropertyId=54134131,27.58,$275
43,https://www.vrbo.com/3712460?chkin=2023-12-14&chkout=2023-12-15&d1=2023-12-14&d2=2023-12-15&startDate=2023-12-14&endDate=2023-12-15&x_pwa=1&rfrr=HSR&pwa_ts=1700759211315&referrerUrl=aHR0cHM6Ly93d3cudnJiby5jb20vSG90ZWwtU2VhcmNo&useRewards=true&adults=2&regionId=183660&destination=Delhi%2C+New+York%2C+United+States+of+America&destType=MARKET&latLong=42.278141%2C-74.915993&privacyTrackingState=CAN_TRACK&searchId=22050452-4c81-499e-bb8c-307d9b7931a9&sort=RECOMMENDED&top_dp=119&top_cur=USD&userIntent=&selectedRoomType=100403902&selectedRatePlan=0004be663c9473e549588858ad9e8673ac57&expediaPropertyId=100403902,28.06,$119
49,https://www.vrbo.com/9894876ha?chkin=2023-12-14&chkout=2023-12-15&d1=2023-12-14&d2=2023-12-15&startDate=2023-12-14&endDate=2023-12-15&x_pwa=1&rfrr=HSR&pwa_ts=1700759211288&referrerUrl=aHR0cHM6Ly93d3cudnJiby5jb20vSG90ZWwtU2VhcmNo&useRewards=true&adults=2&regionId=183660&destination=Delhi%2C+New+York%2C+United+States+of+America&destType=MARKET&latLong=42.278141%2C-74.915993&privacyTrackingState=CAN_TRACK&searchId=22050452-4c81-499e-bb8c-307d9b7931a9&sort=RECOMMENDED&top_dp=503&top_cur=USD&userIntent=&selectedRoomType=100402618&selectedRatePlan=00004f61624fa34648968221db8ec2087205&expediaPropertyId=100402618,28.51,$503
42,https://www.vrbo.com/2695231?chkin=2023-12-14&chkout=2023-12-15&d1=2023-12-14&d2=2023-12-15&startDate=2023-12-14&endDate=2023-12-15&x_pwa=1&rfrr=HSR&pwa_ts=1700759211315&referrerUrl=aHR0cHM6Ly93d3cudnJiby5jb20vSG90ZWwtU2VhcmNo&useRewards=true&adults=2&regionId=183660&destination=Delhi%2C+New+York%2C+United+States+of+America&destType=MARKET&latLong=42.278141%2C-74.915993&privacyTrackingState=CAN_TRACK&searchId=22050452-4c81-499e-bb8c-307d9b7931a9&sort=RECOMMENDED&top_dp=350&top_cur=USD&userIntent=&selectedRoomType=76250333&selectedRatePlan=00047e4dd73ec09f49c9b585884905d7c5a4&expediaPropertyId=76250333,29.49,$350
